Title,Author,ISBN,ISBN13,My Rating,Date Read,Date Added,Bookshelves,Exclusive Shelf,Original Entry
Until Death Do Us Part,Rachel Woods,1943685533,9781943685530,,2023/01/01,2023/01/01,read,read,Until Death do us part Rachel woods
The Seven Husbands of Evelyn Hugo,Taylor Jenkins Reid,1683244648,9781501161933,,2023/01/03,2023/01/03,read,read,The Seven Husbands of Evelyn Hugo Taylor Jenkins Reid
Things We Do in the Dark,Jennifer Hillier,1250889685,9798885784078,,2023/01/05,2023/01/05,read,read,Things we do in the dark Jennifer Hillier
The Boardwalk Bookshop,Susan Mallery,1432896148,9781432896140,,2023/01/12,2023/01/12,read,read,The boardwalk bookshop Susan Mallery
The mountain between us,Charles Martin,0767927001,9780767927000,,2023/01/15,2023/01/15,read,read,The mountain between us Charles Martin
A Quiet Retreat,Kiersten Modglin,1956538313,9781956538328,,2023/01/20,2023/01/20,read,read,A quiet retreat kiersten Modglin
Things We Never Got Over,Lucy Score,146422434X,9781945631849,,2023/01/22,2023/01/22,read,read,things we never got over Lucy Score
You've Reached Sam,Dustin Thao,,9786191711468,,2023/01/27,2023/01/27,read,read,you’ve reached Sam Dustin Thao
Beach Read,Emily Henry,838321071X,9781984806734,,2023/02/01,2023/02/01,read,read,Beach Read Emily Henry
It Ends With Us,Colleen Hoover,,9788501113498,,2023/02/03,2023/02/03,read,read,It ends with us Colleen Hoover
The Wives,Tarryn Fisher,1094004405,9781094004402,,2023/02/05,2023/02/05,read,read,The Wives Tarryn Fisher
Find Me,Alafair Burke,1799951642,9781799951643,,2023/02/08,2023/02/08,read,read,Find Me Alafair Burke
Such a Quiet Place,Megan Miranda,198214730X,9781838950781,,2023/02/10,2023/02/10,read,read,Such a quiet place Megan Miranda
The safest lies,Megan Miranda,,9780241344415,,2023/02/13,2023/02/13,read,read,The safest lies Megan Miranda
All the missing girls,Megan Miranda,0606400257,9781501146244,,2023/02/15,2023/02/15,read,read,All the missing girls Megan Miranda
Family of Liars,E. Lockhart,1432898965,9781471412271,,2023/02/17,2023/02/17,read,read,Family of Liars E. Lockhart
The murder house,James Patterson,,9781455567737,,2023/02/20,2023/02/20,read,read,The murder House James Patterson
The Last House Guest,Megan Miranda,1432866176,9781786492913,,2023/02/22,2023/02/22,read,read,The Last house guest Megan Miranda
The Kind Worth Killing,Peter Swanson,,9780062267542,,2023/03/01,2023/03/01,read,read,The kind worth killing Peter Swanson
Stillhouse Lake,Rachel Caine,1536662151,9781536662153,,2023/03/04,2023/03/04,read,read,Stillhouse Lake Rachel Caine
Killman Creek,Rachel Caine,,9781542046411,,2023/03/06,2023/03/06,read,read,Killman Creek Rachel Caine
Just the Nicest Couple,Mary Kubica,,9781432896454,,2023/03/09,2023/03/09,read,read,Just the nicest couple Mary Kubica
The Last to Vanish,Megan Miranda,1838955984,9781432899646,,2023/03/13,2023/03/13,read,read,The last to vanish Megan Miranda
Say you're sorry,Melinda Leigh,1503948706,9781683248729,,2023/03/16,2023/03/16,read,read,Say you’re sorry Melinda Leigh
Finlay Donovan Jumps the Gun,Elle Cosimano,1035405148,9781035405145,,2023/03/18,2023/03/18,read,read,Finlay Donovan jumps the gun Elle Cosimano
Her Last Goodbye,Melinda Leigh,,9781643581118,,2023/03/21,2023/03/21,read,read,Her last Goodbye Melinda Leigh
Bones don't lie,Melinda Leigh,1542049865,9781542049863,,2023/03/23,2023/03/23,read,read,Bones don’t lie Melinda Leigh
What I've done,Melinda Leigh,1503903052,9781503903050,,2023/03/25,2023/03/25,read,read,what I’ve done Melinda Leigh
The Escape Room,Megan Goldin,,9781250267474,,2023/03/28,2023/03/28,read,read,The escape room Megan Goldin
Save Your Breath,Melinda Leigh,1542092833,9781721356591,,2023/03/30,2023/03/30,read,read,save your breath Melinda Leigh
Hour of Need,Melinda Leigh,,9781477827079,,2023/04/02,2023/04/02,read,read,Hour of need Melinda Leigh
Minutes to kill,Melinda Leigh,,9781477829752,,2023/04/04,2023/04/04,read,read,Minutes to Kill Melinda Leigh
The other Mrs.,Mary Kubica,0778333213,9781094097886,,2023/04/09,2023/04/09,read,read,The other Mrs. Mary Kubica
It Starts with Us,Colleen Hoover,,9788381352079,,2023/04/11,2023/04/11,read,read,It starts with us Colleen Hoover
Before She Knew Him,Peter Swanson,0571340679,9780062887559,,2023/04/13,2023/04/13,read,read,Before she knew him Peter Swanson
The wife stalker,Liv Constantine,0062967304,9780008363840,,2023/04/16,2023/04/16,read,read,The wife stalker Liv Constantine
Lying Next to Me,Gregg Olsen,1542040515,9781542040518,,2023/04/21,2023/04/21,read,read,Lying next to me Gregg Olsen
It's One of Us,J. T. Ellison,,9780369706560,,2023/04/23,2023/04/23,read,read,It’s one of us J. T. Ellison
My Husband's Lover,Jess Ryder,180314520X,9781803145204,,2023/04/25,2023/04/25,read,read,my husband’s lover Jess Ryder
Look Closer,David Ellis,0399170928,9780399170928,,2023/04/28,2023/04/28,read,read,Look Closer David Ellis
All The Pretty People,Barbara Freethy,1944417982,9781944417970,,2023/04/30,2023/04/30,read,read,all the pretty people Barbara Freethy
The Perfect Getaway,"Gray, Elle, Gray, K.S.",,9798373208185,,2023/05/03,2023/05/03,read,read,The perfect getaway Kiersten Modglin
Daisy Darker,Alice Feeney,1250843944,9781250843951,,2023/05/05,2023/05/05,read,read,Daisy Darker Alice Feeney
You Shouldn't Have Come Here,Jeneva Rose,,9798212187800,,2023/05/07,2023/05/07,read,read,You shouldn’t have come here Geneva Rose
Tell Me the Truth,Kiersten Modglin,1956538232,9781956538236,,2023/05/10,2023/05/10,read,read,Tell me the truth Kiersten Modglin
The best of friends,Joanna Trollope,0425169375,9781568956749,,2023/05/12,2023/05/12,read,read,The best of friends Lucinda Berry
Keep It in the Family,John Marrs,,9781713673552,,2023/05/17,2023/05/17,read,read,Keep it in the Family John Marrs
Mad Honey,Jodi Picoult,1399708392,9780593614099,,2023/05/19,2023/05/19,read,read,Mad Honey Jodi Picoult
You Can Trust Me,Kiersten Modglin,1956538461,9781956538465,,2023/05/22,2023/05/22,read,read,You can trust me Kiersten Modglin
All the Dangerous Things,Stacy Willingham,,9798885786829,,2023/05/24,2023/05/24,read,read,All the dangerous things Stacy willingham
Off the Deep End,Lucinda Berry,1799790770,9781799790778,,2023/05/27,2023/05/27,read,read,Off the deep end Lucinda Berry
Becoming Mrs. Abbott,Kiersten Modglin,,9781956538151,,2023/05/29,2023/05/29,read,read,Becoming Mrs. Abbott Kiersten Modglin
To Die For,Lisa Gray,,9781542035316,,2023/05/31,2023/05/31,read,read,To die for Lisa Gray
"Hello, Sunshine",Laura Dave,,9781476789330,,2023/06/03,2023/06/03,read,read,"Hello, Sunshine Laura Dave"
In the Deep,Loreth Anne White,1542019699,9781542019699,,2023/06/05,2023/06/05,read,read,In the deep Loreth Anne White
The Silent Patient,Alex Michaelides,,9781432858643,,2023/06/08,2023/06/08,read,read,the silent patient Alex Michaelides
When I Was You,Minka Kent,,9781542005555,,2023/06/10,2023/06/10,read,read,When I was you Minka Kent
Death in the Sunshine,Steph Broadribb,,9781713631132,,2023/06/12,2023/06/12,read,read,Death in the sunshine Steph Broadribb
Death at Paradise Palms,Steph Broadribb,,9781542027526,,2023/06/15,2023/06/15,read,read,Death at Paradise Palms Steph Broadribb
The Block Party,Nicole Pyland,,9781949308822,,2023/06/17,2023/06/17,read,read,The block party Jamie Day
Death on the Beach,Steph Broadribb,1542027535,9781542027533,,2023/06/20,2023/06/20,read,read,Death on the beach Steph Broadribb
Gone Again,Minka Kent,1713673592,9781713673590,,2023/06/22,2023/06/22,read,read,Gone again Minka Kent
Unmissing,Minka Kent,1713614685,9781713614692,,2023/06/24,2023/06/24,read,read,Unmissing Minka Kent
Last One to Lie,Jack Stainton,1916497888,9781916497887,,2023/06/29,2023/06/29,read,read,Last one to lie JM Winchester
If She Only Knew,Lisa Jackson,1574905406,9780739413234,,2023/07/04,2023/07/04,read,read,If she only knew Lisa Jackson
All Good People Here,Ashley Flowers,1387566393,9780593496473,,2023/07/06,2023/07/06,read,read,All good people here Ashley Flowers
The Good Daughter,Karin Slaughter,,9781504779968,,2023/07/09,2023/07/09,read,read,The good daughter Karin Slaughter
Almost Dead,Lisa Jackson,0821775790,9780340961902,,2023/07/11,2023/07/11,read,read,Almost dead Lisa Jackson
The End of Her,Shari Lapena,,9781984880512,,2023/07/13,2023/07/13,read,read,The end of her Shari Lapena
Her Deadly Game,Robert Dugoni,,9781799789574,,2023/07/16,2023/07/16,read,read,Her deadly game Robert Dugoni
You Have to Believe Me,Sunday Tomassetti,,9781688091283,,2023/07/18,2023/07/18,read,read,You have to believe me Minka Kent
While she slept,Marion Collins,0312933967,9780312933968,,2023/07/21,2023/07/21,read,read,While she slept N.L. Hinkens
Everyone Here Is Lying,Shari Lapena,,9780593489949,,2023/07/23,2023/07/23,read,read,Everyone here is lying Shari Lapena
Hemlock Island,Kelley Armstrong,1250284198,9781250284198,,2023/07/25,2023/07/25,read,read,Hemlock Island Kelley Armstrong
My sister's grave,Robert Dugoni,,9781477825570,,2023/07/28,2023/07/28,read,read,My sister’s grave Robert Dugoni
Her Final Breath,Robert Dugoni,,9781683240242,,2023/08/02,2023/08/02,read,read,Her final breath Robert Dugoni
In the clearing,Robert Dugoni,,9781503953574,,2023/08/04,2023/08/04,read,read,in the clearing Robert Dugoni
The marriage lie,Kimberly Belle,,9780263927542,,2023/08/06,2023/08/06,read,read,The marriage lie Kimberly Belle
The Doctor's Wife,Daniel Hurst,,9781803149417,,2023/08/09,2023/08/09,read,read,The Doctor’s wife Daniel Hurst
The Golden Couple,Greer Hendricks,,9781250835611,,2023/08/14,2023/08/14,read,read,The golden couple Greer Hendricks
The trapped girl,Robert Dugoni,,9781531864231,,2023/08/16,2023/08/16,read,read,The trapped girl Robert Dugoni
The Dark Room,Lisa Gray,1713673169,9781713673156,,2023/08/18,2023/08/18,read,read,The dark room Lisa gray
Pretty Girls,Karin Slaughter,0062429078,9780062430878,,2023/08/21,2023/08/21,read,read,pretty girls Karen slaughter
The Doctor's Widow,Daniel Hurst,1837908265,9781837908264,,2023/08/23,2023/08/23,read,read,The Doctor’s widow Daniel Hurst
Close to home,Robert Dugoni,1683247728,9781683247722,,2023/08/26,2023/08/26,read,read,close to home Robert Dugoni
A Steep price,Robert Dugoni,,9781503954182,,2023/08/28,2023/08/28,read,read,A steep price Robert Dugoni
A cold trail,Robert Dugoni,1978683006,9781978683006,,2023/09/02,2023/09/02,read,read,A cold trail Robert Dugoni
My Lovely Wife,Samantha Downing,,9781432858858,,2023/09/04,2023/09/04,read,read,my lovely wife Samantha downing
In Her Tracks,Robert Dugoni,1713547066,9781542008372,,2023/09/07,2023/09/07,read,read,In her tracks Robert Dugoni
What She Found,Robert Dugoni,1638084726,9781638084723,,2023/09/09,2023/09/09,read,read,What she found Robert Dugoni
One Last Kill,Robert Dugoni,1662500211,9781662500213,,2023/09/11,2023/09/11,read,read,one last kill Robert Dugoni
Cross Her Heart,Melinda Leigh,,9781643587929,,2023/09/16,2023/09/16,read,read,Cross her heart Melinda Leigh
See Her Die,Melinda Leigh,,9781542006965,,2023/09/19,2023/09/19,read,read,see her die Melinda Leigh
Drown Her Sorrows,Melinda Leigh,,9781713525042,,2023/09/21,2023/09/21,read,read,Drown her sorrows Melinda Leigh
Right Behind Her,Melinda Leigh,,9781542007061,,2023/09/23,2023/09/23,read,read,Right behind her Melinda Leigh
Dead Against Her,Melinda Leigh,,9781542030625,,2023/09/26,2023/09/26,read,read,Dead against her Melinda Leigh
The Wife Upstairs,Rachel Hawkins,0008377537,9780008377519,,2023/09/28,2023/09/28,read,read,the wife upstairs Rachel Hawkins
Local Woman Missing,Mary Kubica,0778389448,9781432886974,,2023/10/01,2023/10/01,read,read,local woman missing Mary Kubica
Lie To Her,Melinda Leigh,1542030668,9781542030663,,2023/10/03,2023/10/03,read,read,Lie to her Melinda Leigh
Catch Her Death,Melinda Leigh,,9781542038645,,2023/10/05,2023/10/05,read,read,catch her death Melinda Leigh
The thinnest air,Minka Kent,,9781503953406,,2023/10/08,2023/10/08,read,read,the thinnest air Minka kent
House Beyond the Dunes,Mary Burton,,9781542038676,,2023/10/10,2023/10/10,read,read,House beyond the dunes Mary Burton
Near You,Mary Burton,,9781713559443,,2023/10/12,2023/10/12,read,read,Near you Mary Burton
The Last Move,Mary Burton,,9781543601695,,2023/10/15,2023/10/15,read,read,The last move Mary burton
Her last word,Mary Burton,154366637X,9781543666373,,2023/10/17,2023/10/17,read,read,Her last word Mary Burton
Don't Look Now,Mary Burton,1542021456,9781542021456,,2023/10/20,2023/10/20,read,read,Don’t look now Mary Burton
The Perfect Roommate,Minka Kent,1662531605,9781662531606,,2023/10/24,2023/10/24,read,read,the perfect roommate Minka Kent
Hide and Seek,Mary Burton,1503905268,9781503905269,,2023/10/27,2023/10/27,read,read,Hide and seek Mary Burton
My Darling Husband,Kimberly Belle,0369705467,9781665105262,,2023/10/29,2023/10/29,read,read,my Darling Husband Kimberly Belle
Strange Sally Diamond,Liz Nugent,1797159976,9781501189722,,2023/11/01,2023/11/01,read,read,Strange Sally Diamond Liz Nugent
Keep Your Friends Close,Lucinda Berry,1662512600,9781662512605,,2023/11/03,2023/11/03,read,read,Keep your friends close Lucinda Berry
Finders Keepers,Natalie Barelli,,9780648731252,,2023/11/08,2023/11/08,read,read,Finders Keepers Natalie Barelli
What Still Burns,Elle Grawl,,9781662511400,,2023/11/10,2023/11/10,read,read,What still Burns Elle Grawl
The Unhoneymooners,Christina Lauren,0349417598,9781508282839,,2023/11/13,2023/11/13,read,read,The unhoneymooners Christina Lauren
One of Those Faces,Elle Grawl,,9781713668701,,2023/11/15,2023/11/15,read,read,one of those faces Elle Grawl
Someone Else's Life,Lyn Liao Butler,,9781799784685,,2023/11/17,2023/11/17,read,read,Someone else’s life Lyn Liao Butler
Gone Girl,Gillian Flynn,,9780307588364,,2023/11/20,2023/11/20,read,read,Gone girl Gillian Flynn
After Dark,Minka Kent,1662511426,9781662511424,,2023/11/22,2023/11/22,read,read,After Dark Minka Kent
Meet Me at the Lake,Carley Fortune,,9780593438558,,2023/11/25,2023/11/25,read,read,Meet me at the lake Carley Fortune
You Can Trust Me,Wendy Heard,,9780593599310,,2023/11/27,2023/11/27,read,read,you can trust me Wendy Heard
Night Owl,Andrew Mayne,,9781662506437,,2023/11/29,2023/11/29,read,read,night owl Andrew Mayne
Rich Blood,"Bailey, Robert",1713652072,9781713652076,,2023/12/02,2023/12/02,read,read,rich blood Robert Bailey
With My Little Eye,Joshilyn Jackson,0063297779,9780063158672,,2023/12/07,2023/12/07,read,read,With my little eye Joshilyn Jackson
Blessing of the Lost Girls,J. A. Jance,,9780063322790,,2023/12/09,2023/12/09,read,read,Blessing of the lost girls JA Jance
The Replacement Wife,Darby Kane,143289613X,9781432896133,,2023/12/11,2023/12/11,read,read,The replacement wife Darby Kane
The Secrets We Bury,Debra Webb,,9781974945511,,2023/12/14,2023/12/14,read,read,The secrets we buried Becca Day
Bad Mother,Mia Sheridan,,9781799799474,,2023/12/16,2023/12/16,read,read,bad mother Mia Sheridan
The body in the woods,April Henry,0805098526,9781250063137,,2023/12/19,2023/12/19,read,read,The body in the woods April Henry
Now I See You,Shannon Work,1735435309,9781735435305,,2023/12/21,2023/12/21,read,read,Now I see you Shannon work
Obsessed,James Patterson,1538752980,9780316565981,,2023/12/23,2023/12/23,read,read,Obsessed James Patterson
The Night Swim,Megan Goldin,,9781250219695,,2023/12/26,2023/12/26,read,read,The night swim Megan Goldin
Pieces of Her,Karin Slaughter,1460751760,9781504780049,,2023/12/28,2023/12/28,read,read,Pieces of her Karin Slaughter
Next Door,Blake Pierce,1640295984,9781640295988,,2023/12/31,2023/12/31,read,read,Next door Blake Pierce
I've got my eyes on you,Mary Higgins Clark,1471167593,9781501171680,,2024/01/01,2024/01/01,read,read,I’ve got my eyes on you Mary Higgins Clark
"Girl, Forgotten",Karin Slaughter,1504780302,9780008303600,,2024/01/02,2024/01/02,read,read,"Girl, forgotten Karin Slaughter"
Things We Left Behind,Lucy Score,,9789020553734,,2024/01/03,2024/01/03,read,read,Things we left behind Lucy Score
Everything to Lose,Shannon Work,,9781735435350,,2024/01/04,2024/01/04,read,read,Everything to lose Shannon Work
The Killing Storm,Shannon Work,1735435368,9781735435381,,2024/01/06,2024/01/06,read,read,The killing storm Shannon Work
Murder in the San Juans,Shannon Work,,9781735435398,,2024/01/07,2024/01/07,read,read,murder in the San Juans Shannon Work
Pretty Baby,Mary Kubica,,9781460382288,,2024/01/08,2024/01/08,read,read,pretty baby Mary Kubica
Deadly summer,Denise Grover Swank,1542048214,9781542048217,,2024/01/09,2024/01/09,read,read,deadly summer Denise Grover Swank
Blazing summer,Denise Grover Swank,,9781503901803,,2024/01/11,2024/01/11,read,read,Blazing summer Denise Grover swank
Hide,Tracy Clark,,9781542037570,,2024/01/12,2024/01/12,read,read,Hide Tracy Clark
Fall,Tracy Clark,1662509529,9781662512551,,2024/01/13,2024/01/13,read,read,Fall Tracy Clark
Invisible,James Patterson,,9781473505551,,2024/01/16,2024/01/16,read,read,invisible James Patterson David Ellis
Unsolved,James Patterson,,9780316531573,,2024/01/17,2024/01/17,read,read,Unsolved James Patterson David Ellis
The Black Book,James Patterson,,9781455542673,,2024/01/18,2024/01/18,read,read,the black book James Patterson David Ellis
New Girl in the Falls,Elle Gray,,9798377230762,,2024/01/19,2024/01/19,read,read,New Girl in the falls Elle Gray
A Neighbor’s Lie,Blake Pierce,164029676X,9781640296763,,2024/01/21,2024/01/21,read,read,A neighbors lie Blake Pierce
Lovely Girls,Margot Hunt,1662504330,9781662504334,,2024/01/23,2024/01/23,read,read,Lovely Girls Margot Hunt
Lost Hills,Lee Goldberg,164358622X,9781643586229,,2024/01/24,2024/01/24,read,read,Lost Hills Lee Goldberg
Bone Canyon,Lee Goldberg,,9781542042710,,2024/01/26,2024/01/26,read,read,Bone canyon Lee Goldberg
Gated Prey,Lee Goldberg,,9781713601692,,2024/01/27,2024/01/27,read,read,Gated Prey Lee Goldberg
Missing in the Falls,Elle Gray,,9798390518663,,2024/01/28,2024/01/28,read,read,missing in the falls Elle Gray
Movieland,Lee Goldberg,,9781662500664,,2024/01/29,2024/01/29,read,read,Movieland Lee Goldberg
Dream town,Lee Goldberg,,9781662512353,,2024/01/31,2024/01/31,read,read,Dream Town Lee Goldberg
First Lie Wins,Ashley Elston,,9781472295323,,2024/02/01,2024/02/01,read,read,First Lie wins Ashley Elston
Rule Number One,Katherine Hastings,,9781949913385,,2024/02/02,2024/02/02,read,read,Rule number one Katherine Hastings
12 Months to Live,James Patterson,0316570648,9780316570640,,2024/02/03,2024/02/03,read,read,12 months to live James Patterson
Sleeping with Friends,Emily Schultz,1662513488,9781662513480,,2024/02/05,2024/02/05,read,read,sleeping with friends Emily Schultz
Mother-Daughter Murder Night,Nina Simon,0063379562,9780063379565,,2024/02/06,2024/02/06,read,read,mother-daughter murder night Nina Simon
Almost Surely Dead,Amina Akhtar,,9781662507588,,2024/02/07,2024/02/07,read,read,Almost surely dead Amina Akhtar
New Girl in the Falls,Elle Gray,,9798377230762,,2024/02/08,2024/02/08,read,read,the girls in the falls Elle Gray
The Other Emily,Dean Koontz,1713576694,9781542019941,,2024/02/10,2024/02/10,read,read,The other Emily Dean Koontz
Apples Never Fall,Liane Moriarty,0241396093,9781405942256,,2024/02/12,2024/02/12,read,read,Apples never Fall Liane Moriarty
The Secrets of Us,Lucinda Berry,1542027969,9781713563013,,2024/02/15,2024/02/15,read,read,The secrets of us Lucinda Berry
The Girl Who Survived,Lisa Jackson,171366786X,9781420146363,,2024/02/18,2024/02/18,read,read,The girl who survived Lisa Jackson
Blood in the water,Taylor Anderson,045147063X,9780451470645,,2024/02/20,2024/02/20,read,read,blood in the water Cara Kent
I'm watching you,Mary Burton,1420129066,9781420129069,,2024/02/21,2024/02/21,read,read,I’m watching you Teresa Driscoll
Last Night,Luanne Rice,,9798891640160,,2024/02/23,2024/02/23,read,read,Last night Luanne Rice
The Drowned Woman,CJ Lyons,,9781800191952,,2024/02/26,2024/02/26,read,read,The drowning woman Robyn Harding
Last day,Luanne Rice,,9781542016353,,2024/02/27,2024/02/27,read,read,Last day Luanne Rice
Anything for a Friend,Kathleen M. Willett,,9781662513091,,2024/03/03,2024/03/03,read,read,Anything for a friend Kathleen Willett
The wedding party,Robyn Carr,1551668394,9781408996164,,2024/03/04,2024/03/04,read,read,The wedding party L B Jones
Likely Suspects,G. K. Parks,0989195805,9780989195805,,2024/03/06,2024/03/06,read,read,Likely suspects G K Parks
the Poison Garden,A. J. Banner,,9781542004237,,2024/03/07,2024/03/07,read,read,The poison garden A J Banner
After nightfall,A. J. Banner,1543681352,9781503900813,,2024/03/08,2024/03/08,read,read,After nightfall A J Banner
In Another Light,A. J. Banner,1713614812,9781542031103,,2024/03/09,2024/03/09,read,read,In another light A J Banner
The good neighbor,A. J. Banner,,9781503944435,,2024/03/11,2024/03/11,read,read,The good neighbor A J Banner
Nora Goes off Script,Annabel Monaghan,,9781432897406,,2024/03/12,2024/03/12,read,read,Nora goes off script Annabel Monaghan
Veronica Ruiz Breaks the Bank,Elle Cosimano,,9781250343314,,2024/03/14,2024/03/14,read,read,Veronica Ruiz Breaks the Bank Elle Cosimano
Repo Girl Homecoming,Jane Fenton,1960457004,9781732116597,,2024/03/21,2024/03/21,read,read,Repo Girl Jane Fenton
You don't want to know,Lisa Jackson,075827839X,9781444757149,,2024/03/22,2024/03/22,read,read,You don’t want to know Lisa Jackson
Don't Forget Me,Rea Frey,,9781662513237,,2024/03/23,2024/03/23,read,read,Don’t forget me Rea Frey
A Repo Girl Christmas,Jane Fenton,,9781732116566,,2024/03/24,2024/03/24,read,read,A repo girl Christmas Jane Fenton
Aftermath,Terri Blackstock,1713598264,9780310345978,,2024/03/26,2024/03/26,read,read,Aftermath Terri Blackstock
The Lodge,Sue Watson,,9781837904419,,2024/03/27,2024/03/27,read,read,The Lodge Sue Watson
The Next Wife,Kaira Sturdivant Rouda,1713559501,9781713559504,,2024/03/28,2024/03/28,read,read,the next wife Kaira Rouda
Best friends forever,Margot Hunt,,9781474074735,,2024/03/29,2024/03/29,read,read,Best friends forever Margot hunt
Summer Reading,Jenn McKinlay,180494503X,9798891641181,,2024/03/31,2024/03/31,read,read,summer reading Jenn Mckinlay
The Stranger in the Mirror,Liv Constantine,0062967320,9780008363864,,2024/04/01,2024/04/01,read,read,The stranger in the mirror Liv Constantine
Keep Your Friends Close,Leah Konen,0593544722,9780593544723,,2024/04/02,2024/04/02,read,read,Keep your friends close Leah Konen
The unquiet bones,Melvin R. Starr,,9781782640660,,2024/04/03,2024/04/03,read,read,The Unquiet bones Loreth Anne White
It All Comes Back to You,Melissa Wiesner,1836180284,9781836180289,,2024/04/05,2024/04/05,read,read,It all comes back to you Melissa Wiesner****
If I Run,Terri Blackstock,,9780310332435,,2024/04/06,2024/04/06,read,read,If I run Terry Blackstock
The Last Time I Saw You,Liv Constantine,,9780062930507,,2024/04/07,2024/04/07,read,read,The last time I saw you Liv Constantine
His Secret Daughter,Melissa Wiesner,1803148519,9781803148519,,2024/04/08,2024/04/08,read,read,His secret daughter Melissa Wiesner
Don't Make a Sound,Theresa Ragan,1542093872,9781542093873,,2024/04/10,2024/04/10,read,read,Don’t make a sound  T R Ragan
Finlay Donovan Rolls the Dice,Elle Cosimano,1250846013,9781035419104,,2024/04/12,2024/04/12,read,read,Finlay Donovan rolls the dice Elle Cosimano
Things I Wish I'd Told My Mother,Susan Patterson,,9781668616567,,2024/04/13,2024/04/13,read,read,Things I wish I told my mother Susan Patterson
Behind her eyes,Sarah Pinborough,125011117X,9781250111173,,2024/04/15,2024/04/15,read,read,Behind her eyes Sarah Pinborough
Never Trust the Husband,Jessica Payne,1837905681,9781837905683,,2024/04/16,2024/04/16,read,read,Never trust the husband Jessica Payne****
The Patient's Secret,Loreth Anne White,154203406X,9781713621454,,2024/04/17,2024/04/17,read,read,The patients secret Loreth Anne White
Dead Girls Don't Blog,Pamela Frost Dennis,,9780999349458,,2024/04/18,2024/04/18,read,read,Dead girls don’t blog Pamela Frost Dennis
This Is How I Lied,Heather Gudenkauf,,9781094105000,,2024/04/20,2024/04/20,read,read,This is how I lied Heather Gudenkauf
Want to Know a Secret?,Freida McFadden,,9798596462579,,2024/04/21,2024/04/21,read,read,want to know a secret? Frieda McFadden
Only If You're Lucky,Stacy Willingham,,9780008595678,,2024/04/22,2024/04/22,read,read,only if you’re lucky Stacy Willingham
Cul de Sac,Blake Pierce,1640297693,9781640297692,,2024/04/23,2024/04/23,read,read,Cul De Sac Blake Pierce
"Drowned Girls, The",Loreth Anne White,1536614122,9781536614121,,2024/04/25,2024/04/25,read,read,The drowned girls Loreth Anne White
"Lullaby Girl, The",Loreth Anne White,,9781543622171,,2024/04/26,2024/04/26,read,read,The Lullaby girl Loreth Anne White
That's Not My Name,Megan Lally,,9781728270111,,2024/04/27,2024/04/27,read,read,That’s not my name Megan Lally
One of Our Own,Lucinda Berry,1668209624,9781668205068,,2024/04/28,2024/04/28,read,read,One of our own Lucinda Berry
"Girl in the Moss, The",Loreth Anne White,,9781543681185,,2024/04/30,2024/04/30,read,read,The girl in the moss Loreth Anne White
The Truth About the Devlins,Lisa Scottoline,1984883305,9781984883308,,2024/05/01,2024/05/01,read,read,the truth about the Devlins Lisa Scottoline
Breakfast in bed,Sandra Brown,,9785040094660,,2024/05/02,2024/05/02,read,read,Breakfast in Paradise Cara Kent
The Nature of Secrets,Debra Webb,1662508824,9781662508820,,2024/05/03,2024/05/03,read,read,The nature of secrets Debra Webb
All the Little Truths,Debra Webb,,9781662508844,,2024/05/05,2024/05/05,read,read,All the little truths Debra Webb
Do Not Disturb,Freida McFadden,1464227284,9781464228582,,2024/05/06,2024/05/06,read,read,Do not disturb Freida McFadden
Lost to Dune Road,Kara Thomas,,9781662509568,,2024/05/07,2024/05/07,read,read,Lost to dune road Kara Thomas
The lost victim,T. A. Waters,0394482476,9780394482477,,2024/05/08,2024/05/08,read,read,The lost victim Jennifer Hunter
Hurt Mountain,Angela Crook,,9781662515804,,2024/05/11,2024/05/11,read,read,Hurt Mountain Angela Crook
Everyone Is Watching,Heather Gudenkauf,0369747607,9780369747600,,2024/05/12,2024/05/12,read,read,Everyone is watching Heather Gudenkauf
The Wife Upstairs,Freida McFadden,1666526770,9781666527261,,2024/05/13,2024/05/13,read,read,The wife upstairs Freida McFadden
Riley Thorn and the Dead Guy Next Door,Lucy Score,,9781945631672,,2024/05/17,2024/05/17,read,read,The dead guy next door Lucy score
She's Not Sorry,Mary Kubica,,9780369746948,,2024/05/18,2024/05/18,read,read,She’s not sorry Mary Kubica
The Teacher,Freida McFadden,,9781420516227,,2024/05/20,2024/05/20,read,read,The teacher Freida McFadden
The Inmate,Freida McFadden,,9798890983480,,2024/05/23,2024/05/23,read,read,The inmate Freida McFadden
On Her Watch,Melinda Leigh,,9781542038690,,2024/05/25,2024/05/25,read,read,On her watch Melinda Leigh
In the Likely Event,Rebecca Yarros,,9781662511554,,2024/05/27,2024/05/27,read,read,In the likely event Rebecca Yarros
No Exit,Taylor Adams,0062955268,9780062906502,,2024/05/28,2024/05/28,read,read,no exit Taylor Adams
Corpse in the Closet,Lucy Score,1728295181,9781728295183,,2024/05/30,2024/05/30,read,read,The corpse in the closet Lucy Score
A Killer's Mind,Mike Omer,,9781503901902,,2024/06/01,2024/06/01,read,read,A killer’s mind Mike Omer
Happiness Falls,Angie Kim,0571371477,9780593448205,,2024/06/04,2024/06/04,read,read,Happiness Falls Angie Kim
In the Darkness,Mike Omer,,9781721333202,,2024/06/05,2024/06/05,read,read,In the darkness Mike Omer
Vacation Wars,Meghan Quinn,,9781662506338,,2024/06/06,2024/06/06,read,read,Vacation wars Meghan Quinn
Hot Mess Summer,Melissa Foster,,9781662507939,,2024/06/07,2024/06/07,read,read,Hot mess summer Melissa Foster
Thicker Than Blood,Mike Omer,,9781799717539,,2024/06/09,2024/06/09,read,read,Thicker than blood Mike Omer
Don't close your eyes,Sara Orwig,1426821174,9781426821172,,2024/06/10,2024/06/10,read,read,Don’t close your eye PS Cunliffe
The Housemaid,Freida McFadden,1803144386,9783453471900,,2024/06/11,2024/06/11,read,read,The Housemaid Freida McFadden
The Killer's Wife,Bill Floyd,,9781429939874,,2024/06/12,2024/06/12,read,read,The killer’s wife Victor Methos
The Housemaid's Secret,Freida McFadden,1538742586,9781538742587,,2024/06/14,2024/06/14,read,read,The housemaid’s secret Freida McFadden
The Surrogate Mother,Freida McFadden,,9798639013379,,2024/06/15,2024/06/15,read,read,The surrogate mother Freida McFadden
The Seven Year Slip,Ashley Poston,0008646228,9780008779764,,2024/06/16,2024/06/16,read,read,The seven year slip Ashley Poston
Riley Thorn and the Blast from the Past,Lucy Score,,9798886439755,,2024/06/17,2024/06/17,read,read,the blast from the past Lucy Score
Crimson Lake Road,Victor Methos,1713506181,9781643589008,,2024/06/19,2024/06/19,read,read,Crimson Lake Road Victor Methos
Daughter of Mine,Anne Bennett       ,0007177240,9780007343478,,2024/06/20,2024/06/20,read,read,Daughter of mine Meghan Miranda
The Perfect Son,Freida McFadden,,9798635011362,,2024/06/21,2024/06/21,read,read,The perfect son Freida McFadden
The Housemaid Is Watching,Freida McFadden,9895702752,9789895702756,,2024/06/22,2024/06/22,read,read,The housemaid is watching Freida McFadden
Midnight Exposure,Melinda Leigh,1469227622,9781469227986,,2024/06/25,2024/06/25,read,read,midnight exposure Melinda Leigh
All He Has Left,Chad Zunker,,9781713673538,,2024/06/27,2024/06/27,read,read,All he has left Chad Zunker
The un-wedding,Babette Cole,,9782020327336,,2024/06/29,2024/06/29,read,read,The unwedding Ally Condie
Next Mrs. Parrish,Liv Constantine,,9780593599938,,2024/06/30,2024/06/30,read,read,The next Mrs. Parrish Liv Constantine
The Ex,Freida McFadden,,9798637890118,,2024/07/01,2024/07/01,read,read,The Ex Freida McFadden
My Favorite Terrible Thing,Madeleine Henry,1662517432,9781662517433,,2024/07/05,2024/07/05,read,read,My favorite Terrible thing Madeleine Henry
Brain Damage,Freida McFadden,,9781532902949,,2024/07/06,2024/07/06,read,read,Brain Damage Freida McFadden
Echo Road,Kendra Elliot,1662521995,9781662522000,,2024/07/09,2024/07/09,read,read,Echo Road Melinda Leigh/Kendra Elliot
A Merciful Death,Kendra Elliot,147781826X,9781531846190,,2024/07/10,2024/07/10,read,read,A merciful death Kendra Elliot
Behind A Closed Door,Jane Donnelly,0792710681,9780373022700,,2024/07/11,2024/07/11,read,read,behind a closed door JD Barker
"Merciful Truth, A",Kendra Elliot,1536656372,9781536656374,,2024/07/12,2024/07/12,read,read,A merciful truth Kendra Elliot
A merciful secret,Kendra Elliot,,9781542047869,,2024/07/14,2024/07/14,read,read,A merciful secret Kendra Elliot
A merciful silence,Kendra Elliot,,9781503901315,,2024/07/17,2024/07/17,read,read,A merciful silence Kendra Elliot
A Merciful Fate,Kendra Elliot,,9781503903302,,2024/07/19,2024/07/19,read,read,A merciful fate Kendra Elliot
"Merciful Promise, A",Kendra Elliot,,9781978637382,,2024/07/20,2024/07/20,read,read,A merciful promise Kendra Elliot
The final act,Dina McCall,0709024045,9781853892868,,2024/07/22,2024/07/22,read,read,The final act Lisa Gray
Hidden,Kendra Elliot,,9781612183886,,2024/07/24,2024/07/24,read,read,Hidden Kendra Elliot
Imaginary Strangers,Minka Kent,,9781662511660,,2024/07/25,2024/07/25,read,read,imaginary strangers Minka Kent*****
Body in the Backyard,Lucy Score,,9798886439502,,2024/07/26,2024/07/26,read,read,The body in the backyard Lucy Score
Strangers We Know,Elle Marr,,9781542032773,,2024/07/27,2024/07/27,read,read,Strangers we know Elle Marr****
Home Is Where the Bodies Are,Jeneva Rose,,9798874692414,,2024/07/29,2024/07/29,read,read,home is where the bodies are Jeneva Rose*****
Chilled,Kendra Elliot,1469209489,9781469209487,,2024/07/30,2024/07/30,read,read,Chilled Kendra Elliot
Between Two Strangers,Kate White,,9780063322905,,2024/07/31,2024/07/31,read,read,Between two strangers Kate White*****
Third Party,Brandi Reeds,,9781542044936,,2024/08/01,2024/08/01,read,read,Third party Brandi Reeds
The Day I Disappeared,Tina L. Ferguson,,9781413792430,,2024/08/04,2024/08/04,read,read,The day I disappeared Brandi Reeds
Darling Girls,Sally Hepworth,,9781250284525,,2024/08/05,2024/08/05,read,read,Darling Girls Sally Hepworth
Damage Control,Robert Dugoni,,9781423326533,,2024/08/06,2024/08/06,read,read,Damage Control Robert Dugoni
It's a Date (Again),Jeneva Rose,1662512414,9781662512414,,2024/08/08,2024/08/08,read,read,"It’s a date, Again Jeneva Rose"
Better Than Most,Jennifer Millikin,,9798986809977,,2024/08/09,2024/08/09,read,read,Better than most Jenifer Millikin
Funny Story,Emily Henry,0593441214,9780593441282,,2024/08/10,2024/08/10,read,read,Funny story Emily Henry
If Something Happens to Me,Alex Finlay,,9781250393937,,2024/08/11,2024/08/11,read,read,If something happens to me Alex Finlay
Every Single Secret,Emily Carpenter,1503951901,9781503951907,,2024/08/13,2024/08/13,read,read,Every single secret Emily Carpenter
Behind Every Good Man,Sara Goodman Confino,,9781662517723,,2024/08/15,2024/08/15,read,read,Behind every good man Sara Goodman confino
The Obsession,Jesse Sutanto,1728215161,9781728215167,,2024/08/18,2024/08/18,read,read,The obsession Jesse Q Sutanto
May Day,Jess Lourey,0738708380,9780738708386,,2024/08/19,2024/08/19,read,read,May Day Jess Lourey
June Bug,Jess Lourey,,9781662519253,,2024/08/20,2024/08/20,read,read,June bug Jess Lourey
August moon,Jess Lourey,0738713252,9780738713250,,2024/08/23,2024/08/23,read,read,August moon Jess Lourey
Feels Like Summer,Wendy Francis,,9781662520693,,2024/08/24,2024/08/24,read,read,Feels like summer Wendy Francis
"You, Again",Kate Goldbeck,,9781804992975,,2024/08/28,2024/08/28,read,read,"You, again Kate Goldbeck"
You Shouldn't Be Here,Lauren Thoman,,9781662517693,,2024/08/30,2024/08/30,read,read,you shouldn’t be here Lauren Thoman
The last party,Anthony Haden-Guest,,9781322575636,,2024/08/31,2024/08/31,read,read,The last party A R Torre
The good husband,Gail Godwin,1568950861,9780345372437,,2024/09/02,2024/09/02,read,read,The good husband Steve Fretch
One Big Happy Family,Jamie Day,,9781250283276,,2024/09/04,2024/09/04,read,read,One big happy family Jamie Day
September Mourn,Jess Lourey,,9781662519314,,2024/09/05,2024/09/05,read,read,September Mourn Jess Lourey
Plain Dead,Emma Miller,,9780758291769,,2024/09/07,2024/09/07,read,read,plain dead Andy Maslan
Never let you go,Chevy Stevens,,9780751569162,,2024/09/08,2024/09/08,read,read,Never let you go Chevy Stevens
Return to Midnight,Emma Dues,1662518811,9781662518812,,2024/09/09,2024/09/09,read,read,Return to Midnight Emma Dues
Listen for the Lie,Amy Tintera,,9780857505705,,2024/09/12,2024/09/12,read,read,Listen for the Lie Amy Tintera
Just for the Summer,Abby Jimenez,,9781538768648,,2024/09/13,2024/09/13,read,read,Just for the summer Abby Jimenez
Our Little Secret,Lisa Jackson,1399723863,9798891642218,,2024/09/14,2024/09/14,read,read,Our little secret Lisa Jackson
Last Girl Ghosted,Lisa Unger,,9781432891312,,2024/09/17,2024/09/17,read,read,Last girl ghosted Lisa Unger
Heart Restoration Project,Beth Merlin,1662522231,9781662522239,,2024/09/18,2024/09/18,read,read,Heart restoration project Beth Merlin
Vanished,Kendra Elliot,,9781683242611,,2024/09/19,2024/09/19,read,read,Vanished Kendra Elliot
Bridged,Kendra Elliot,,9781477825792,,2024/09/22,2024/09/22,read,read,Bridged Kendra Elliot
I Don't Forgive You,Aggie Blum Thompson,1250775175,9781250818454,,2024/09/23,2024/09/23,read,read,I don’t forgive you Aggie Blum Thompson*****
Spiraled,Kendra Elliot,,9781477830321,,2024/09/24,2024/09/24,read,read,Spiraled Kendra Elliot
Targeted,Kendra Elliot,,9781511375887,,2024/09/25,2024/09/25,read,read,Targeted Kendra Elliot
October Fest,Jess Lourey,,9781948584296,,2024/09/27,2024/09/27,read,read,October Fest Jess Lourey
All the Dirty Secrets,Aggie Blum Thompson,1250773989,9781250773999,,2024/09/28,2024/09/28,read,read,All the Dirty Secrets Aggie Blum Thompson
Buried,Kendra Elliot,,9781469290157,,2024/09/29,2024/09/29,read,read,Buried Kendra Elliot
Alone,Kendra Elliot,1477809716,9781477809716,,2024/09/30,2024/09/30,read,read,Alone Kendra Elliot
Lies He Told Me,James Patterson,1529136547,9781529136531,,2024/10/02,2024/10/02,read,read,Lies he told me James Patterson
Known,Kendra Elliot,1503949478,9781503949478,,2024/10/03,2024/10/03,read,read,Known Kendra Elliot
Shades of Her,Monica Arya,,9798985494709,,2024/10/07,2024/10/07,read,read,Shades of her Monica Arya
Dark Sacred Night,Michael Connelly,,9781549142291,,2024/10/09,2024/10/09,read,read,Dark Sacred Night Michael Connelly
The Last One at the Wedding,Jason Rekulak,1250895782,9781250374615,,2024/10/10,2024/10/10,read,read,The last one at the wedding Jason Rekulak***
What She Forgot,Cole Baxter,,9781705637456,,2024/10/12,2024/10/12,read,read,What she Forgot Cole Baxter
What Have You Done?,Shari Lapena,0593915364,9781787635760,,2024/10/13,2024/10/13,read,read,What have you done? Shari Lapena
The Boyfriend,Robert Lawrence Stine,,9782762567502,,2024/10/14,2024/10/14,read,read,The boyfriend Frieda McFadden
Twisted Truth,Melinda Leigh,1543659888,9781543659887,,2024/10/17,2024/10/17,read,read,Twisted Truth Melinda Leigh
The Recipient,Audrey J Cole,1542953707,9781542953702,,2024/10/19,2024/10/19,read,read,The recipient Audrey J Cole****
Forgotten Kill,Isabella Maldonado,1662515820,9781662515828,,2024/10/20,2024/10/20,read,read,A forgotten Kill Isabella Maldonado
Bad Reputation,Emma Barry,1662520832,9781662520839,,2024/10/22,2024/10/22,read,read,Bad Reputation Emma Barry
Inspired,Marty Cagan,3527511059,9783527511051,,2024/10/23,2024/10/23,read,read,Inspired by Murder Audrey J Cole
Here One Moment,Liane Moriarty,,9781405942287,,2024/10/24,2024/10/24,read,read,Here one moment Liane Moriarty
The Summer Nanny,Audrey J. Cole,,9781098641153,,2024/10/25,2024/10/25,read,read,The summer nanny Audrey J Cole
November Hunt,Jess Lourey,1662519354,9780738732565,,2024/10/27,2024/10/27,read,read,November Hunt Jess Lourey
Viable Hostage,Audrey J Cole,,9781089545170,,2024/10/28,2024/10/28,read,read,Viable Hostage Audrey J Cole
"A very, very bad thing",Jeffery Self,1338118404,9781338118421,,2024/10/29,2024/10/29,read,read,A very bad thing JT Ellison
Tracks of Her Tears,Melinda Leigh,1511318503,9781511318501,,2024/10/30,2024/10/30,read,read,Tracks of her tears Melinda Leigh
Fatal Deception,Sally Wentworth,,9780263751451,,2024/11/01,2024/11/01,read,read,Fatal Deception Audrey J Cole
Black Nowhere,Reece Hirsch,,9781542042918,,2024/11/02,2024/11/02,read,read,Black nowhere Reece Hirsch
Dark Tomorrow,Reece Hirsch,,9781542093262,,2024/11/03,2024/11/03,read,read,Dark Tomorrow Reece Hirsch
Unintended Consequences,Marti Green,1480585203,9781480585201,,2024/11/07,2024/11/07,read,read,Unintended Consequences Marti Green
Presumption of Guilt,Marti Green,,9781491548240,,2024/11/09,2024/11/09,read,read,presumption of guilt Marti Green
Price of Justice,Marti Green,,9781503945036,,2024/11/11,2024/11/11,read,read,price of justice Marti green
The Liar's Wife,"Gordon, Mary",0307390330,9780307390332,,2024/11/12,2024/11/12,read,read,The liar’s wife Kiersten Modglin
First Offense,Marti Green,1503934705,9781503934702,,2024/11/13,2024/11/13,read,read,First Offense Marti Green
Justice Delayed,Marti Green,,9781477819876,,2024/11/14,2024/11/14,read,read,Justice delayed Marti Green
One True Loves,Taylor Jenkins Reid,1520015151,9781520015101,,2024/11/16,2024/11/16,read,read,One True Loves Taylor Jenkins Reid*****
No Way Back,Andrew Gross,,9780007525461,,2024/11/17,2024/11/17,read,read,No way back JB Turner
A Long Way Home,Saroo Brierley,1482996197,9780670068203,,2024/11/18,2024/11/18,read,read,Long way home JB Turner
Confidential,Ellie Monago,,9781542040082,,2024/11/19,2024/11/19,read,read,Confidential Ellie Monago
The guilty one,Lisa Ballantyne,074995728X,9781471222276,,2024/11/21,2024/11/21,read,read,The Guilty One Kiersten Modglin
The good twin,Marti Green,,9781503949850,,2024/11/22,2024/11/22,read,read,The good twin Marti Green
The bubble gum thief,Jeff Miller,1612184839,9781612184838,,2024/11/23,2024/11/23,read,read,The bubble gum thief Jeff Miller
Borderline Insanity,Jeff Miller,1503936813,9781503936812,,2024/11/24,2024/11/24,read,read,borderline insanity Jeff Miller
The surgeon's secret,Patricia Warren,070903461X,9780709034612,,2024/11/27,2024/11/27,read,read,The surgeons secrets Aaron Quinn
Maybe in another life,Taylor Jenkins Reid,,9781476776880,,2024/11/29,2024/11/29,read,read,maybe in another life Taylor J Reid*****
Nobody's Perfect,Sally Kilpatrick,1662525818,9781662525810,,2024/12/01,2024/12/01,read,read,Nobody’s perfect Sally Kilpatrick
The Pumpkin Spice Café,Laurie Gilmore,9402716297,9780008610661,,2024/12/03,2024/12/03,read,read,The pumpkin spice cafe Laurie Gilmore
Cruel winter with you,Ali Hazelwood,,9781662528392,,2024/12/04,2024/12/04,read,read,Cruel winter with you Ali Hazelwood
Echo,Tracy Clark,1662517327,9781662517327,,2024/12/06,2024/12/06,read,read,Echo Tracy Clark
Part of Your World,Abby Jimenez,,9781538704370,,2024/12/07,2024/12/07,read,read,Part of your world Abby Jimenez
Broken Grace,E.C. Diskin,1503946185,9781503946187,,2024/12/08,2024/12/08,read,read,Broken Grace E C Diskin
The green line,Tom Molloy,0891820523,9780891820529,,2024/12/09,2024/12/09,read,read,The green line EC Diskin
What Lies Below,Barbara Taylor Sissel,1503950115,9781503950115,,2024/12/11,2024/12/11,read,read,What Lies Below Barbara Taylor Sissel
The Truth We Bury,Barbara Taylor Sissel,1477823980,9781477823989,,2024/12/12,2024/12/12,read,read,The truth we bury Barbara Taylor Sissel
Death and Her Devotion,Kendra Elliot,1536626341,9781536626346,,2024/12/14,2024/12/14,read,read,Death and her devotion Kendra Elliot
All Our Tomorrows,Catherine Bybee,,9781662517235,,2024/12/17,2024/12/17,read,read,All our tomorrows Catherine Bybee
The Forgotten Ones,Steena Holmes,,9781503951754,,2024/12/18,2024/12/18,read,read,The forgotten one Catherine Bybee
When It Falls Apart,Catherine Bybee,1713658704,9781713658719,,2024/12/19,2024/12/19,read,read,When it falls apart Catherine Bybee
Be Your Everything,Catherine Bybee,,9781799798927,,2024/12/21,2024/12/21,read,read,Be your everything Catherine Bybee
Beginning of Forever,Catherine Bybee,1542038553,9781542038553,,2024/12/23,2024/12/23,read,read,Beginning of forever Catherine Bybee
Here the whole time,Vítor Martins,133867594X,9781338620825,,2024/12/24,2024/12/24,read,read,The whole time Catherine Bybee
All the Broken Places,John Boyne,,9780857528865,,2024/12/26,2024/12/26,read,read,The broken places Mia Sheridan
Jane Doe,Victoria Helen Stone,,9781503901032,,2024/12/28,2024/12/28,read,read,Jane Doe Victoria Helen Stone
P. S. I Hate You,Tana Creative,,9781721274550,,2025/01/01,2025/01/01,read,read,P.S. I Hate you Lauren Connolly
Guilty wives,James Patterson,1784754498,9780316097574,,2025/01/02,2025/01/02,read,read,Guilty Wives James Patterson David Ellis
The Last Trip,Alex R. Stuart,0450025209,9780450025204,,2025/01/08,2025/01/08,read,read,The Last trip Kiersten Modglin
I Said Yes,Kiersten Modglin,166204917X,9781956538120,,2025/01/12,2025/01/12,read,read,I said yes Kiersten Modglin
Girl under the Ice,Georgia Wagner,,9781915757630,,2025/01/13,2025/01/13,read,read,Girl under the ice Georgia Wagner
His Perfect Crime,Alex Sigmore,,9781957536033,,2025/01/14,2025/01/14,read,read,His perfect crime Alex Sigmore
Smoke and Ashes,Alex Sigmore,1957536101,9781957536118,,2025/01/17,2025/01/17,read,read,smoke and ashes Alex Sigmore
Taking Her Down,Jordan Marie,,9781086544060,,2025/01/18,2025/01/18,read,read,Take her down Melinda Leigh
Maggie Moves On,Lucy Score,,9781668615713,,2025/01/20,2025/01/20,read,read,Maggie moves on Lucy Score
Her Final Words,Alex Sigmore,,9781957536125,,2025/01/23,2025/01/23,read,read,Her final words Alex Sigmore
Can't Miss Her,Alex Sigmore,,9781957536200,,2025/01/24,2025/01/24,read,read,can’t miss her Alex Sigmore
The Last Daughter of York,Nicola Cornick,,9781525806452,,2025/01/26,2025/01/26,read,read,The last daughter Alex Sigmore
The Husband's Secret,Liane Moriarty,1594137226,9781622639427,,2025/01/28,2025/01/28,read,read,The husband’s secret Franklin Christopher
The Secret Seven,Enid Blyton,8426142567,9782010141751,,2025/01/29,2025/01/29,read,read,the secret seven Alex Sigmore
Liar's Grave,Alex Sigmore,,9781957536286,,2025/01/31,2025/01/31,read,read,A Liar’s grave Alex Sigmore
Here for the Cake,Jennifer Millikin,,9798986809991,,2025/02/03,2025/02/03,read,read,Here for the cake Jennifer Millikin
Girl in the Walls,A. J. Gnuse,,9780063031814,,2025/02/04,2025/02/04,read,read,The girl in the wall Alex Sigmore
Our Finest Hour,Jennifer Millikin,,9780996784559,,2025/02/05,2025/02/05,read,read,Our finest hour Jennifer Millikin
His Final Act,Alex Sigmore,1957536349,9781957536347,,2025/02/06,2025/02/06,read,read,His final act Alex Sigmore
The Vanishing Eyes,Alex Sigmore,,9781957536378,,2025/02/09,2025/02/09,read,read,The vanishing eyes Alex Sigmore
Dark Power,Mary Stone,,9798788411026,,2025/02/11,2025/02/11,read,read,Dark Power Mary Stone
The edge of the wood,Alan Bold,0946487081,9780946487080,,2025/02/12,2025/02/12,read,read,Edge of the woods Alex Sigmore
Ties That Bind,Alex Sigmore,1957536462,9781957536460,,2025/02/16,2025/02/16,read,read,Ties that bind Alex Sigmore
Dark Obsession,Valerie Marsh,0373108206,9780373108206,,2025/02/19,2025/02/19,read,read,Dark Obsession Mary stone
Obsession Falls,Claire Kingsley,1464233497,9781464233494,,2025/02/20,2025/02/20,read,read,obsession falls Claire Kingsley
Storms and Secrets,Claire Kingsley,1959809148,9781959809159,,2025/02/22,2025/02/22,read,read,Storms and secrets Claire Kingsley
Dark Masks,I. Savage,1959791028,9781959791089,,2025/02/24,2025/02/24,read,read,Dark Mask Mary Stone
Dark Suspicions,Anne E. Schraff,1616519584,9781616519582,,2025/02/25,2025/02/25,read,read,Dark suspicion Mary stone
Temptation Trails,Claire Kingsley,,9781959809166,,2025/02/27,2025/02/27,read,read,Temptation trails Claire Kingsley
Murder in the Hollows,Declan James,1951327365,9781951327361,,2025/02/28,2025/02/28,read,read,Murder in the Hollows Declan James
Kill Season,Declan James,1951327411,9781951327415,,2025/03/01,2025/03/01,read,read,kill season Declan James
Cold Truth,Mary Stone,,9781660486793,,2025/03/02,2025/03/02,read,read,Cold Truth Mary Stone
Red Sky Hill,Declan James,,9781951327545,,2025/03/05,2025/03/05,read,read,Red sky hill Declan James
Cold Threat,Mary Stone,,9798624437159,,2025/03/06,2025/03/06,read,read,Cold Threat Mary Stone
Cold Highway,Mary Stone,,9798635569122,,2025/03/07,2025/03/07,read,read,Cold Highway Mary Stone
Cold Grave,Donna Berdel,,9798643992127,,2025/03/08,2025/03/08,read,read,cold grave Mary Stone
Cold Shadows,Mary Stone,,9798554320866,,2025/03/10,2025/03/10,read,read,Cold Shadows Mary Stone
The Happy Ever After Playlist,Abby Jimenez,,9781538715642,,2025/03/11,2025/03/11,read,read,The happy ever after playlist Abby Jimenez
Her Last Moment,Declan James,,9781951327644,,2025/03/12,2025/03/12,read,read,Her last moment Declan James
Tattered,Devney Perry,1732388407,9781732388406,,2025/03/13,2025/03/13,read,read,Tattered Devney Perry
Cold Revenge,"Stone, Mary, Berdel, Donna",,9798581952559,,2025/03/14,2025/03/14,read,read,Cold revenge Mary Stone
Cold Trail,Donna Berdel,,9798719251585,,2025/03/16,2025/03/16,read,read,Cold trail Mary Stone
Cold Death,Donna Berdel,,9798503701326,,2025/03/17,2025/03/17,read,read,Cold death Mary stone
Cold Hearted,Serena Valentino,1760974471,9781760974473,,2025/03/19,2025/03/19,read,read,Cold Heart Mary Stone
Cold Judgement,Joanne Fluke,1322229090,9781322229096,,2025/03/20,2025/03/20,read,read,cold judgement Mary Stone
Cold Crash,Jennifer Young,,9781910836774,,2025/03/23,2025/03/23,read,read,Cold crash Mary Stone
Shadow's Secret (Shadow Island FBI Mystery Series),Mary Stone,,9798814939258,,2025/03/24,2025/03/24,read,read,Shadow’s secrets Mary Stone
Her Perfect Lie,M. J. Ambil,,9798835096503,,2025/03/26,2025/03/26,read,read,Her perfect lie Mary stone
Killer smile,Lisa Scottoline,0060729511,9780060514969,,2025/03/27,2025/03/27,read,read,killer smile Mary stone
Beautiful Ugly,Alice Feeney,1035053810,9781035053803,,2025/03/28,2025/03/28,read,read,Beautiful Ugly Alice Feeney
All the Natural Beauties,John Deal,,9781737538219,,2025/03/30,2025/03/30,read,read,All the natural beauties John Deal
Under a Blood Moon,John Deal,,9781737538233,,2025/03/31,2025/03/31,read,read,Under a blood moon John Deal
Story of My LIfe,Lucy Score,,9781728297057,,2025/04/05,2025/04/05,read,read,Story of my life Lucy Score
The girl who lied,Sue Fortin,,9780008194857,,2025/04/06,2025/04/06,read,read,The girl who lied Shannon Hollinger
Their Angel's Cry,Shannon Hollinger,1803148888,9781803148885,,2025/04/07,2025/04/07,read,read,Their angels cry Shannon Hollinger
Girl in the Cabin,Douglas Strait,1799029395,9781799029397,,2025/04/14,2025/04/14,read,read,The girl in the cabin Elle Gray
What She Left,H. K. Christie,,9781953268037,,2025/04/15,2025/04/15,read,read,What She left H K Christie
If She Ran,Blake Pierce,,9781640297012,,2025/04/16,2025/04/16,read,read,If she ran H K Christie
All She Wanted,Aphrodite Jones,,9781439101025,,2025/04/17,2025/04/17,read,read,All she wanted HK Christie
Why She Lied,H.K. Christie,,9781953268105,,2025/04/18,2025/04/18,read,read,why she lied HK Christie
Secrets She Kept,Cathy Gohlke,,9781496409843,,2025/04/19,2025/04/19,read,read,Secrets she kept HK Christie
Blood in the sand,Benny Hinn,,9781599797700,,2025/04/21,2025/04/21,read,read,Blood in the sand Alex Sigmore
Pretend You're Mine,Lucy Score,,9781945631313,,2025/04/23,2025/04/23,read,read,Pretend you’re mine Lucy Score
Murder in the pines,Kathryn Gualtieri,0615489052,9780615489056,,2025/04/24,2025/04/24,read,read,Murder in the pines AJ Rivers
What Lies in the Woods,Kate Alice Marshall,1250859905,9781250361851,,2025/04/29,2025/04/29,read,read,What lies in the woods Kate Alice Marshall
No one can know,Kate Alice Marshall,,9781250859921,,2025/05/03,2025/05/03,read,read,No one can know Kate Alice Marshall
Finally Mine,Lucy Score,,9781945631337,,2025/05/05,2025/05/05,read,read,Finally Mine Lucy Score
What Happened Last Night?,Glenda Yarbrough,,9781476010274,,2025/05/07,2025/05/07,read,read,What happened last night Cold Baxter
Killer Trail,Jenny Elaine,,9798985366143,,2025/05/09,2025/05/09,read,read,Killer Trail Jenny Elaine
Requited,Ashley Mack,1960161121,9781960161123,,2025/05/11,2025/05/11,read,read,Requite E H Reinhard
Life's Too Short,Abby Jimenez,,9781538715680,,2025/05/17,2025/05/17,read,read,Life’s too short Abby Jimenez
ReORIENT,Andre Gunder Frank,,9780520211292,,2025/05/19,2025/05/19,read,read,Reorient E H Reinhard
Prime Suspect,Lynda La Plante,0749315512,9780727842329,,2025/05/21,2025/05/21,read,read,Prime Suspect Cole Baxter
The first shot,L. J. Coburn,,9780722124628,,2025/05/23,2025/05/23,read,read,The first shot EH Reinhard
Someone else's daughter,Linsey Lanier,,9781941191125,,2025/05/25,2025/05/25,read,read,Someone else’s daughter Linsey Lanier
Delicious Torment,Linsey Lanier,1466173068,9781941191132,,2025/05/26,2025/05/26,read,read,Delicious torment Linsey Lanier
Forever Mine,Linsey Lanier,,9781476184104,,2025/05/27,2025/05/27,read,read,Forever mine Linsey Lanier
Fire Dancer,Linsey Lanier,1941191150,9781941191156,,2025/05/28,2025/05/28,read,read,Fire dancer Linsey Lanier
Thin Ice,Linsey Lanier,,9781941191163,,2025/05/29,2025/05/29,read,read,Thin ice Linsey Lanier
All Eyes on Me,Linsey Lanier,,9781941191088,,2025/05/30,2025/05/30,read,read,All eye on me Linsey Lanier
Heart Wounds,Linsey Lanier,1941191096,9781941191095,,2025/05/31,2025/05/31,read,read,Heart wounds Linsey Lanier
Dead of Night,Lisa Gray,1662519176,9781662519178,,2025/06/02,2025/06/02,read,read,Dead of night Lisa Gray
In Cold Blood,Truman Capote,,9780241907788,,2025/06/03,2025/06/03,read,read,In cold blood Jack Hunt
Vanished from Sight,L.J. Parker,144892121X,9781448921218,,2025/06/05,2025/06/05,read,read,Vanish from sight Jack Hunt
Her Final Hour,Carla Kovach,,9781786815194,,2025/06/06,2025/06/06,read,read,Her final hours Jack Hunt
Breaking and entering,Joy Williams,0002710552,9780394757735,,2025/06/13,2025/06/13,read,read,Break and enter Lori Matthew’s
A Killer's Mind,Mike Omer,,9781503901902,,2025/06/15,2025/06/15,read,read,A killer’s mind Thomas Fincham
The Missing Half,Ashley Flowers,,9780593726983,,2025/06/18,2025/06/18,read,read,The missing half Ashley Flowers
Say You'll Remember Me,Abby Jimenez,0349442835,9780349442839,,2025/06/19,2025/06/19,read,read,say you’ll remember me Abby Jimenez
9-11,Noam Chomsky,,9788479018023,,2025/06/20,2025/06/20,read,read,911 DJ Maughan
The House Sitter,Judith R. Parker,0759226547,9780759226548,,2025/06/22,2025/06/22,read,read,The house sitter Kerri Beevis
Her First Mistake,Kendra Elliot,,9781662525773,,2025/06/23,2025/06/23,read,read,Her first mistake Kendra Elliott
The fourth monkey,J. D. Barker,,9780544968844,,2025/06/27,2025/06/27,read,read,The fourth Monkey J D Barker
The Summer House,James Patterson,1529125154,9781529125160,,2025/06/29,2025/06/29,read,read,The summer house Keri Beevis
Intersect,Elle O'Roark,,9781956800012,,2025/07/01,2025/07/01,read,read,intersect Elle o’Roark
Desolate Escape,Sherri Wilson Johnson,,9798480453768,,2025/07/02,2025/07/02,read,read,Desolate escape Sherri Wilson Johnson
The Daughter's Curse,Jennifer Givhan,,9781387707409,,2025/07/05,2025/07/05,read,read,The daughter’s curse Mary Stone
A Happy Marriage,Rafael Yglesias,1439109818,9781439109816,,2025/07/06,2025/07/06,read,read,A happy marriage A R Torre
The Rose Garden,Mr Thomas Fincham,,9781541158252,,2025/07/08,2025/07/08,read,read,The rose garden Thomas Fincham
The Rose Tattoo,Mr Thomas Fincham,,9781541158351,,2025/07/11,2025/07/11,read,read,The rose tattoo Thomas Fincham
Dying to Tell,Keri Beevis,1806581647,9781912986903,,2025/07/12,2025/07/12,read,read,Dying to tell Keri Beevis
Someone Knows,Vi Keeland,,9780349438900,,2025/07/14,2025/07/14,read,read,someone knows Vi Keeland
Fog and Fury,Rachel Howzell Hall,1662522835,9781662522857,,2025/07/15,2025/07/15,read,read,fog and fury Rachel Howzell Hall
It happened on the lake,Lisa Jackson,1496737032,9781496737038,,2025/07/16,2025/07/16,read,read,It happened on the lake Lisa Jackson
Don't Open Your Eyes,Liv Constantine,,9780593875209,,2025/07/17,2025/07/17,read,read,Don’t open your eyes Liv Constantine
The Atonement Murder,Syrell Rogovin Leahy,0727846124,9780727846129,,2025/07/19,2025/07/19,read,read,The atonement murders Jennifer Ruff
Breaking Him,R. K. Lilley,1628780401,9781628780406,,2025/07/21,2025/07/21,read,read,Break him Nikki Grace
Vanished,Dan Petrosini,,9781960286048,,2025/07/25,2025/07/25,read,read,vanished Dan Petrosini
The man handler,Cairo,,9781593092757,,2025/07/26,2025/07/26,read,read,the handler L T Ryan
Tracking Justice,Shirlee McCoy,0373675410,9780373675418,,2025/07/27,2025/07/27,read,read,Tracking justice LT Ryan
Smoldering Lies,L. T. Ryan,,9781685334017,,2025/07/31,2025/07/31,read,read,Smoldering lies LT Ryan
Field of bones,J. A. Jance,,9780062864956,,2025/08/01,2025/08/01,read,read,Field of bones LT Ryan
Beneath the Walnut Grove,Don Deveau,,9781980683582,,2025/08/02,2025/08/02,read,read,beneath the grove LT Ryan
On Savage Ground,Greg Hunt,,9781432891398,,2025/08/03,2025/08/03,read,read,Savage grounds LT Ryan
Stealing lives,Arturo J. Marcano Guevara,0253341914,9780253341914,,2025/08/05,2025/08/05,read,read,Stealing lives Richard Bannister
Killer Music,Tammy L Grace,0991243463,9780991243464,,2025/08/06,2025/08/06,read,read,killer music Tammy L grace
Deadly Connection,Tammy  L Grace,,9781945591266,,2025/08/07,2025/08/07,read,read,Deadly connections Tammy L Grace
Bitter Past,Caroline Fardig,1648752330,9781974315451,,2025/08/08,2025/08/08,read,read,Bitter Past Caroline Fardig
Eye for an Eye,Caroline Fardig,198196682X,9781648752353,,2025/08/09,2025/08/09,read,read,An eye for an eye Caroline Fardig
Dead Wrong,Tammy L Grace,,9781945591051,,2025/08/10,2025/08/10,read,read,Dead wrong Tammy L Grace
Dead Sprint,Caroline Fardig,,9781648752377,,2025/08/11,2025/08/11,read,read,Dead sprint Tammy L Grace
Double Blind,Dan Alatorre,,9781729673461,,2025/08/13,2025/08/13,read,read,Double blind Dan Alatorre
Primary Target,Dan Alatorre,1954410115,9781954410114,,2025/08/14,2025/08/14,read,read,Primary Target Dan Alatorre
Third Degree,Dan Alatorre,,9781954410091,,2025/08/15,2025/08/15,read,read,Third degree Dan Alatorre
Fourth Estate,Dan Alatorre,,9781954410220,,2025/08/16,2025/08/16,read,read,Fourth Estate Dan Alatorre
Sins of the Father,Caroline Fardig,1648755860,9781648755866,,2025/08/19,2025/08/19,read,read,sins of the father Caroline Fardig
The perfect divorce!,Leigh Michaels,0263818586,9780373034444,,2025/08/20,2025/08/20,read,read,the perfect divorce Jeneva Rose
Five Sparrows,Dan Alatorre,,9781954410237,,2025/08/21,2025/08/21,read,read,Five Sparrows Dan Alatorre
The Last Affair,Margot Hunt,,9781094004112,,2025/08/22,2025/08/22,read,read,The last affair Margot Hunt
When Worlds Collide,Philip Wylie,057508250X,9780446899710,,2025/08/23,2025/08/23,read,read,When worlds collide Lauren Dykovitz
The House on the Water,Margot Hunt,1713637936,9781713637936,,2025/08/24,2025/08/24,read,read,the house on the water Margot Hunt
The Harry Starke Series,Blair Howard,,9781796229097,,2025/08/25,2025/08/25,read,read,Harry Starke Blair Howard
Love You to Death,Bebe Faas Rice,,9780006750239,,2025/08/27,2025/08/27,read,read,Love you to death Anya Mora
Too Old for This,Samantha Downing,,9780593101032,,2025/08/29,2025/08/29,read,read,Too old for this Samantha Downing
Buried Deep,Margot Hunt,171355447X,9781713554479,,2025/09/01,2025/09/01,read,read,Buried deep Margot Hunt
My Best Friend's Wife,Max Sebastian,,9798410984324,,2025/09/02,2025/09/02,read,read,My best friend’s wife Dina Santorelli***
Framed : Hardwick,Tom Meitner,,9781980619949,,2025/09/03,2025/09/03,read,read,Framed Tom Meitner
Two For The Money,Blair Howard,1518653987,9781793446213,,2025/09/05,2025/09/05,read,read,Two for the money Blair Howard
Local Woman Missing,Mary Kubica,0778389448,9781432886974,,2025/09/06,2025/09/06,read,read,woman missing Kaelin Wennerberg
All the Ways You Saved Me,Jamie Howard,1250119928,9781250119926,,2025/09/07,2025/09/07,read,read,All the ways you save me Melissa Weisner*****
Now you see me,S. J. Bolton,1445842424,9781250001634,,2025/09/09,2025/09/09,read,read,Now you see me Leah Cupps
Why She Left Us,Rahna Reiko Rizzuto,,9780060931827,,2025/09/11,2025/09/11,read,read,She left us Calista Arden
Gunning for trouble,L. L. Foreman,,9781405682121,,2025/09/12,2025/09/12,read,read,Gunning for trouble Renee Pawlish
Her Younger Self,Haley Harrigan,,9798992219210,,2025/09/13,2025/09/13,read,read,Her younger self Haley Harrigan
Dark Lies,Elliot York,1666627461,9781666627466,,2025/09/14,2025/09/14,read,read,Dark Lies Elliot York
Cruel Irony,Wendy L. Blood,1432766864,9781432766863,,2025/09/15,2025/09/15,read,read,cruel Irony Elliot York
The painted lady,Maeve Haran,,9781445872032,,2025/09/16,2025/09/16,read,read,The painted Lady Blair Howard
Great Big Beautiful Life,Emily Henry,,9789895814183,,2025/09/17,2025/09/17,read,read,Great big beautiful life Emily Henry
Twisted Games,Ana Huang,,9781957464060,,2025/09/22,2025/09/22,read,read,Twisted game Elliot York
Killer Motives,Bonnie L. Traymore,1685159087,9781685159085,,2025/09/23,2025/09/23,read,read,killer motives Bonnie Traymore
Little Loose Ends,Bonnie Traymore,,9781956806786,,2025/09/24,2025/09/24,read,read,Little loose ends Bonnie Traymore
Fatal obsession,Stephen Greenleaf,0345332873,9780709019336,,2025/09/26,2025/09/26,read,read,Fatal Obsession Elle Gray
Almost Free,David Williams,,9781465897992,,2025/09/29,2025/09/29,read,read,Almost free Mira Shaw
Darkwater Cove,Dan Padavona,,9781661419172,,2025/10/01,2025/10/01,read,read,Darkwater cove Dan Padavona
Whispers in the Dark,Dan Padavona,,9798646337741,,2025/10/03,2025/10/03,read,read,Whispers in the dark Dan Padavona
The Vanishing Girl,Laura Thalassa,,9781477821473,,2025/10/04,2025/10/04,read,read,The vanishing girl Dan Padavona
Find Her Before Dark,Dan Padavona,,9798688410815,,2025/10/05,2025/10/05,read,read,Find her before dark Dan Padavona
Pretty Little Wife,Darby Kane,0063016400,9780063449329,,2025/10/07,2025/10/07,read,read,Pretty little wife Darcy Kane
Don't Breathe,Dan Padavona,,9798554985805,,2025/10/08,2025/10/08,read,read,Don’t breathe Dan Padavona
The Collector,John Fowles,0330309900,9781850890294,,2025/10/12,2025/10/12,read,read,The collector Dan Padavona
Her last breath,Dan Padavona,,9798577723958,,2025/10/13,2025/10/13,read,read,Her last breath Dan Padavona
Fatal Mercy,Dan Padavona,,9798597721712,,2025/10/14,2025/10/14,read,read,Fatal Mercy Dan Padavona
River of bones,Dan Padavona,,9798721833946,,2025/10/15,2025/10/15,read,read,River of bones Dan Padavona
The Killing Moon,N. K. Jemisin,,9780316187282,,2025/10/16,2025/10/16,read,read,The Killing Moon Dan Padavona
I know your name,"Padavona, Dan.",,9798517887276,,2025/10/17,2025/10/17,read,read,I know your name Dan Padavona
The killing game,Iris Johansen,,9780553106244,,2025/10/19,2025/10/19,read,read,The killing game Mary stone
Never forget me,Dan Padavona,,9798477707508,,2025/10/20,2025/10/20,read,read,Never forget me Dan Padavona
The Replacement Wife,Darby Kane,143289613X,9781432896133,,2025/10/22,2025/10/22,read,read,The replacement wife Darby Kane
Gone,Dan Padavona,,9798421538141,,2025/10/23,2025/10/23,read,read,Gone Dan Padavona
The Bone Forest,Robert Holdstock,0586212922,9780246138330,,2025/10/24,2025/10/24,read,read,The bone forest Dan Padavona
Daddy's little girl,Mary Higgins Clark,074323068X,9780743230681,,2025/10/27,2025/10/27,read,read,Daddy’s little girls Dan Padavona
The wrong house,Elizabeth McGregor,,9780330372114,,2025/10/28,2025/10/28,read,read,The wrong house Zia Rayyan
Killer Instinct,Jennifer Lynn Barnes,1780876858,9781423168324,,2025/10/29,2025/10/29,read,read,killer instincts Dan Padavona
The Last Time She Saw Him,Jane Haseldine,,9781520015026,,2025/10/30,2025/10/30,read,read,The last time she saw him Kate White
The Secrets You Keep,Kate White,1470855844,9781470855840,,2025/10/31,2025/10/31,read,read,The secrets you keep Kate White
In Cold Blood,Truman Capote,,9780241907788,,2025/11/01,2025/11/01,read,read,Cold Blood Dan Padavona
The Buried Girl,Richard Montanari,0751563862,9780751563887,,2025/11/03,2025/11/03,read,read,The buried girls Dan Padavona
Poison Wood,Jennifer Moorhead,1662531427,9781662531422,,2025/11/05,2025/11/05,read,read,Poison Wood Jennifer Moorhead
Find Her,Lisa Gardner,,9781524742263,,2025/11/09,2025/11/09,read,read,Find her Lisa Gardner
Replaced,Stephanie Kreml,1955921180,9781955921183,,2025/11/10,2025/11/10,read,read,Replaced Stephanie Kreml
Erased,Elle James,1626956332,9781626956346,,2025/11/14,2025/11/14,read,read,Erased Elle James
Reese Witherspoon Harlan Coben Novel,Reese Witherspoon,,9781529956870,,2025/11/15,2025/11/15,read,read,Gone before goodbye Harlan Coben Reese Witherspoon
STATELINE,Dave Stanton,,9780989603102,,2025/11/17,2025/11/17,read,read,Stateline Dave Stanton
Before she dies,Mary Burton,1420110217,9781420110210,,2025/11/21,2025/11/21,read,read,Before she dies Richard Bannister
Murder on the Occident Express,Alex Wagner,,9798428920079,,2025/11/22,2025/11/22,read,read,Murder on the Occident express Alex Wagner
The Night Before,Lisa Jackson,1306653681,9781306653688,,2025/11/24,2025/11/24,read,read,The night before Lisa Jackson
Dying to meet you,B. M. Gill,0745172571,9780745172576,,2025/11/26,2025/11/26,read,read,Dying to meet you Sarina Bowin*****
Five Year Lie,Sarina Bowen,,9780063280618,,2025/11/27,2025/11/27,read,read,The five year lie Sarina Bowen*****
Help Me Remember,Corinne Michaels,1957309105,9781957309101,,2025/11/28,2025/11/28,read,read,Help me remember Corine Michaels
His Other Woman,Valerie Keogh,,9781836178453,,2025/11/29,2025/11/29,read,read,His other woman Valerie Keogh
Dirty Little Secrets,Liliana Hart,1951129091,9781481158640,,2025/11/30,2025/11/30,read,read,Dirty little secrets Liliana Hart
My Husband Next Door,N. James,,9781536988383,,2025/12/04,2025/12/04,read,read,My husband next door KL Slater
The Substitute (The Wedding Pact #1),Denise Grover Swank,1939996236,9781939996237,,2025/12/05,2025/12/05,read,read,The substitute Denise Grover Swank
Winter kills,Richard Condon,0099299704,9780297767640,,2025/12/10,2025/12/10,read,read,winter kill Trevor Scott
Almost a Stranger,Margaret Way,0263104818,9780263104813,,2025/12/14,2025/12/14,read,read,Almost a stranger Mira Shaw
Just the Nicest Couple,Mary Kubica,,9781432896454,,2025/12/17,2025/12/17,read,read,Just the nicest couple Mary Kubica****
The Player (The Wedding Pact #2),Denise Grover Swank,1511657332,9781511657334,,2025/12/19,2025/12/19,read,read,The player Denise Grover Swank
She Didn't See It Coming,Shari Lapena,,9798217082544,,2025/12/20,2025/12/20,read,read,She didn’t see it coming Shari Lapena
Hell to pay,George P. Pelecanos,,9789041409935,,2025/12/21,2025/12/21,read,read,Hell to pay Denise Diana Huddle
I Kill Killers,Timeless Papers,1737856921,9781737856931,,2025/12/22,2025/12/22,read,read,I kill killers S T Ashman
We Kill Killers,S. T. Ashman,1737856948,9781737856948,,2025/12/23,2025/12/23,read,read,We kill killers S T Ashman
The final kill,Meg O'Brien,,9780778320876,,2025/12/24,2025/12/24,read,read,Final Kill S T Ashman
Only the Strong Survive,Larry Platt,,9780060097745,,2025/12/27,2025/12/27,read,read,only the strong survive Annabelle Fogerty
Best Offer Wins,Marisa Kashino,1250400546,9781250400550,,2025/12/29,2025/12/29,read,read,Best offer wins Marisa Kashino
Harvest Moon,Mel Odom,,9782266112192,,2021/01/05,2021/01/05,read,read,Harvest Moon
Hidden summit,Robyn Carr,0778318702,9781283718622,,2021/01/13,2021/01/13,read,read,Hidden Summit
Redwood bend,Robyn Carr,,9781617936708,,2021/01/18,2021/01/18,read,read,Redwood Bend
Sunrise point,Robyn Carr,,9781408969823,,2021/01/22,2021/01/22,read,read,Sunrise Point
The Newcomes,William Makepeace Thackeray,014043481X,9780140434811,,2021/02/04,2021/02/04,read,read,The Newcomer
The Promise,Danielle Steel,8478882529,9782909241845,,2021/02/17,2021/02/17,read,read,The Promise
Just a girl who loves Tennis,new hope,,9781087284606,,2021/03/01,2021/03/01,read,read,A New Hope
Wildest Dreams,Dorothy Cork,0373083653,9780373083657,,2021/03/06,2021/03/06,read,read,Wildest Dreams
Edge of evil,J. A. Jance,,9781585477470,,2021/03/23,2021/03/23,read,read,Edge of Evil J A Jance
The Beach House,Rachel Hanna,,9781696781862,,2021/04/13,2021/04/13,read,read,The Beach House-Rachel Hanna
Paradise Valley,Robyn Carr,1410417344,9781607519225,,2021/04/26,2021/04/26,read,read,Paradise Valley
The Lying Game,Sara Shepard,,9780061869709,,2021/05/09,2021/05/09,read,read,the Lying Game-Sara Shepard
Two truths and a lie,Katrina Kittle,,9780061671128,,2021/05/18,2021/05/18,read,read,Two truths and a Lie
The Seven Minutes,Irving Wallace,0671203592,9780671450120,,2021/06/04,2021/06/04,read,read,seven minutes in heaven
The Invitation,Vi Keeland,,9781951045982,,2021/09/02,2021/09/02,read,read,The invitation Vi Keeland
The Moores are missing,James Patterson,147892022X,9781473552814,,2021/09/14,2021/09/14,read,read,The Moore's are missing James Patterson
Beautiful Mistake,Vi Keeland,1682309827,9781682309827,,2021/09/23,2021/09/23,read,read,Beautiful mistake Vi Keeland
Loyal Wife,Natalie Barelli,,9780648225935,,2021/09/27,2021/09/27,read,read,The Loyal Wife Natalie Barelli
You Betrayed Me,Lisa Jackson,1420149059,9781529304312,,2021/10/02,2021/10/02,read,read,You betrayed me Lisa Jackson
The inn at Eagle Point,Sherryl Woods,,9781602854369,,2021/10/10,2021/10/10,read,read,The Inn at eagle’s point sherryl woods
Harbour Lights,Derek Mahon,1852353848,9781852353841,,2021/10/19,2021/10/19,read,read,Harbour Lights
Driftwood Cottage,Sherryl Woods,077832947X,9780778329473,,2021/10/27,2021/10/27,read,read,Driftwood Cottage
Moonlight Cove,Sherryl Woods,,9781459201507,,2021/11/01,2021/11/01,read,read,Moonlight Cove
Beach lane,Sherryl Woods,,9781611731156,,2021/11/05,2021/11/05,read,read,Beach Lane
The millionaire next door,Thomas J. Stanley,,9780743517843,,2021/12/01,2021/12/01,read,read,The millionaires last stand
Dogwood hill,Sherryl Woods,1628995041,9781628995046,,2021/12/13,2021/12/13,read,read,Dogwood Hill
Malibu Rising,Taylor Jenkins Reid,1637839731,9788367054447,,2021/12/31,2021/12/31,read,read,Malibu Rising
Made of Steel,Ivy Smoak,,9781942381143,,2022/01/01,2022/01/01,read,read,made of Steel-Ivy Smoak
Riverbend Gap,Denise Hunter,0785240519,9780785240501,,2022/01/12,2022/01/12,read,read,Riverbend Gap
Third Chances,Dan Petrosini,,9781960286062,,2022/02/04,2022/02/04,read,read,third chances
Missing pieces,Joy Fielding,8422668068,9781568954912,,2022/02/09,2022/02/09,read,read,Missing pieces
From here to you,Jamie McGuire,,9781538730010,,2022/03/01,2022/03/01,read,read,From here to you Jamie McGuire
The Stopover,T L Swan,1542015871,9781799709381,,2022/03/04,2022/03/04,read,read,the stopover
The Secrets You Keep,Kate White,1470855844,9781470855840,,2022/03/07,2022/03/07,read,read,The secrets you keep Kate white
The Woman In Cabin 10,Ruth Ware,,9788498387964,,2022/03/10,2022/03/10,read,read,The woman in cabin 10 Ruth Ware
I Temporarily Do,Ellie Cahill,,9781974477425,,2022/03/13,2022/03/13,read,read,I Temporarily do-Ellie Cahill
The Couple Next Door,Shari Lapena,,9780735221086,,2022/03/18,2022/03/18,read,read,The couple next door Shari Lapena
The Vacation,T. M. Logan,1250270782,9781250752383,,2022/03/24,2022/03/24,read,read,The Vacation T M Logan
Someone We Know,Shari Lapena,,9780525507581,,2022/03/27,2022/03/27,read,read,someone we know Shari Lapena
The Guilt Trip,Sandie Jones,1250818990,9781250818997,,2022/03/30,2022/03/30,read,read,The guilt trip Sandie Jones
Private Property,Skye Warren,1645960609,9781645960607,,2022/04/10,2022/04/10,read,read,Private Property Skye Warren
Beachfront Bakery,Fiona Grace,,9781094374895,,2022/04/13,2022/04/13,read,read,A killer cupcake Fiona Grace
Second First Impressions,Sally Thorne,179994770X,9780063007130,,2022/04/16,2022/04/16,read,read,second first impression Sally Thorne
Every Last Secret,A. R. Torre,1542020190,9781542020190,,2022/05/06,2022/05/06,read,read,Every last secret AR Torre
Have You Seen Me?,Kate White,,9780062979391,,2022/05/11,2022/05/11,read,read,have you seen me? Kate white
The Reunion,Meghan Quinn,1713644886,9781713644880,,2022/05/14,2022/05/14,read,read,The reunion Meghan Quinn
Maybe We Will,Melissa Foster,,9781713563051,,2022/05/17,2022/05/17,read,read,maybe we will Melissa Foster
Love Next Door,Helena Hunting,1542029309,9781542029308,,2022/05/23,2022/05/23,read,read,Love Next door Helena Hunting
Runaway,Ivy Smoak,1942381387,9781942381389,,2022/05/26,2022/05/26,read,read,Runaway Ivy Smoak
Love on the Lake,Helena Hunting,,9781542031257,,2022/05/28,2022/05/28,read,read,love on the lake Helena Hunting
The Girls Weekend,Jody Gehrman,1643859579,9781335669339,,2022/05/31,2022/05/31,read,read,The girls weekend Jody Gehrman
Every Vow You Break,Peter Swanson,,9780063062344,,2022/06/03,2022/06/03,read,read,Every vow you break Peter Swanson
The Return,Nicholas Sparks,,9781538728574,,2022/06/06,2022/06/06,read,read,The return Nicholas sparks
"Cane Brothers Series. 3 Books Collection Set. a Not So Meet Cute, So Not Meant to Be, a Long Time Coming by Meghan Quinn",Meghan Quinn,,9781637994283,,2022/06/09,2022/06/09,read,read,A not so meet cute Meghan Quinn
This Time Around,Denise Hunter,0785248773,9780785248767,,2022/06/12,2022/06/12,read,read,This time around Denise Hunter
Don't Lie To Me,Willow Rose,,9781954139077,,2022/06/17,2022/06/17,read,read,Don’t lie to me Willow Rose
Ugly Love,Colleen Hoover,,9786051730295,,2022/06/23,2022/06/23,read,read,ugly love Colleen Hoover
Finlay Donovan Knocks 'Em Dead,Elle Cosimano,,9781432899608,,2022/06/26,2022/06/26,read,read,Finlay Donovan knocks ‘‘em dead
WHAT YOU DID,Willow Rose,,9781954139701,,2022/06/29,2022/06/29,read,read,what you did Willow rose
NEVER EVER,Willow Rose,1071411705,9781071411704,,2022/07/02,2022/07/02,read,read,Never Ever Willow Rose
Say You Love Me,Willow Rose,1954139012,9781954139015,,2022/07/04,2022/07/04,read,read,say you love me willow rose
The wrong man,Kate White,,9780062350657,,2022/07/07,2022/07/07,read,read,the wrong man Kate white
The Maid,Nita Prose,0593356160,9780593510841,,2022/07/13,2022/07/13,read,read,The maid Nita Prose
The Family Holiday,Shalini Boland,1838881522,9781838881528,,2022/07/16,2022/07/16,read,read,the family holiday Shalini Boland
If looks could kill,Kate White,0446617695,9780759598263,,2022/07/21,2022/07/21,read,read,If looks could kill Kate White
'Til death do us part,Kate White,0759510822,9780759510845,,2022/07/24,2022/07/24,read,read,Til death do us part Kate white
Hush,Kate White,,9780061576614,,2022/07/27,2022/07/27,read,read,Hush Kate White
Over Her Dead Body,Kate White,,9780759514041,,2022/07/30,2022/07/30,read,read,over her dead body Kate white
The Last Thing He Told Me,Laura Dave,1788169271,9781387589999,,2022/08/02,2022/08/02,read,read,the last thing he told me
Don't Leave Me Alone,Sage Cogner,,9798623510488,,2022/08/05,2022/08/05,read,read,Don’t leave me alone Kyla Sharp
Lethally Blond (Bailey Weggins),Kate White,,9780446195560,,2022/08/07,2022/08/07,read,read,lethally blond Kate white
So pretty it hurts,Kate White,,9780062098108,,2022/08/13,2022/08/13,read,read,so pretty it hurts Kate white
Maybe We Won't,Melissa Foster,1542034922,9781542034920,,2022/08/16,2022/08/16,read,read,maybe we won’t Melissa Foster
In My Dreams I Hold a Knife,Ashley Winstead,172822988X,9781443465434,,2022/08/19,2022/08/19,read,read,in my dreams I hold a knife Ashley Winstead
Even If It Kills Her,Kate White,,9780062448873,,2022/08/22,2022/08/22,read,read,Even if it kills her Kate White
LET ME GO,Willow Rose,,9781694108548,,2022/08/25,2022/08/25,read,read,Let me go Willow rose
Beachfront Bakery,Fiona Grace,,9781094374895,,2022/08/27,2022/08/27,read,read,A treacherous tart Fiona Grace
It's Not Over,Willow Rose,,9781954139053,,2022/09/02,2022/09/02,read,read,it’s not over Willow rose
Steal,James Patterson,,9781787461970,,2022/09/05,2022/09/05,read,read,steal James Patterson
Not Dead Yet,Willow Rose,,9798674422075,,2022/09/08,2022/09/08,read,read,not dead yet Willow rose
Murder Games,James Patterson,1787461297,9781478916239,,2022/09/11,2022/09/11,read,read,murder Games (instinct) James Patterson
TO DIE FOR,Willow Rose,,9781954938083,,2022/09/13,2022/09/13,read,read,To die for Willow rose
Two Truths and a Lie,Meg Mitchell Moore,,9780062999153,,2022/09/16,2022/09/16,read,read,Two truths and a lie Meg mitchell Moore
"Hook, Line, and Sinker",Tessa Bailey,0063045702,9780063212749,,2022/09/19,2022/09/19,read,read,"hook, line and sinker Tessa Bailey"
The Palm Beach Murders,James Patterson,1538750031,9781538754078,,2022/09/25,2022/09/25,read,read,The palm beach murders James Patterson
What hurts the most,Willow Rose,,9781522774938,,2022/09/28,2022/09/28,read,read,what hurts the most Willow rose
Mulberry Hollow,Denise Hunter,1638083452,9780785240549,,2022/10/01,2022/10/01,read,read,mulberry Hollow Denise Hunter
Such a Good Girl,Willow Rose,,9781954938199,,2022/10/03,2022/10/03,read,read,such a good girl Willow rose
The Wife Who Knew Too Much,Michele Campbell,1250753015,9781250313348,,2022/10/06,2022/10/06,read,read,The wife who knew too much Michele campbell
Her Dark Lies,J.T. Ellison,0778331989,9780778331988,,2022/10/09,2022/10/09,read,read,Her dark lies j.t Ellison
Lie to me,David Martin,0747235074,9780747279563,,2022/10/15,2022/10/15,read,read,lie to me JT Ellison
Stranger on the Beach,Michele Campbell,,9781250202543,,2022/10/18,2022/10/18,read,read,A stranger on the beach Michele Campbell
She Was The Quiet One,Michele Campbell,,9780008301811,,2022/10/23,2022/10/23,read,read,She was the quiet one Michele Campbell
This Time Tomorrow,Emma Straub,,9781405946131,,2022/10/26,2022/10/26,read,read,This time tomorrow Emma Straub
The Second Husband,Sheila Bishop,,9780850465341,,2022/10/29,2022/10/29,read,read,The second husband Kate White
It's Always The Husband,Michele Campbell,1250081823,9781427286147,,2022/11/01,2022/11/01,read,read,It’s always the husband Michele Campbell
Survive the Night,Riley Sager,,9780593183175,,2022/11/04,2022/11/04,read,read,Survive the night Riley Sager
29 Seconds,T. M. Logan,1250182298,9781250182296,,2022/11/09,2022/11/09,read,read,29 seconds T M Logan
The Summer I Turned Pretty,Jenny Han,,9786070722165,,2022/11/12,2022/11/12,read,read,The summer I turned Pretty Jenny Han
It's Not Summer Without You,Jenny Han,,9786053042891,,2022/11/15,2022/11/15,read,read,It’s not summer without you Jenny Han
We'll Always Have Summer,Jenny Han,,9783446240100,,2022/11/18,2022/11/18,read,read,we’ll always have summer Jenny Han
Burn for Burn,Jenny Han,1471116891,9781481424745,,2022/11/21,2022/11/21,read,read,Burn for Burn Jenny Han
Fire with Fire,Jenny Han,3446246517,9781442440791,,2022/11/24,2022/11/24,read,read,Fire with fire Jenny Han
Ashes to Ashes,Jenny Han,144244083X,9781471116933,,2022/11/26,2022/11/26,read,read,Ashes to ashes Jenny Han
A Stranger's Game,Colleen Coble,0785228578,9780785228578,,2022/11/29,2022/11/29,read,read,A stranger’s game Colleen Coble
Tidewater Inn,Colleen Coble,,9781611734973,,2022/12/05,2022/12/05,read,read,Tidewater Inn Colleen Coble
To All the Boys I've Loved Before,Jenny Han,605299293X,9786052992937,,2022/12/08,2022/12/08,read,read,To all the boys I loved before Jenny Han
P.S. I Still Love You,Jenny Han,,9781442426740,,2022/12/11,2022/12/11,read,read,p.s. I still love you Jenny Han
"Always and Forever, Lara Jean",Jenny Han,,9786052994894,,2022/12/13,2022/12/13,read,read,Always and forever Lara Jean Jenny Han
Vacationland,Meg Mitchell Moore,,9780063241909,,2022/12/16,2022/12/16,read,read,vacationland Meg Mitchell Moore
Hidden Pictures,Jason Rekulak,1250819350,9781250819369,,2022/12/19,2022/12/19,read,read,Hidden pictures Jason Rekulak
The couple at no. 9,Claire Douglas,,9780063138162,,2022/12/22,2022/12/22,read,read,The couple at number 9 Claire Douglas
November 9,Colleen Hoover,,9781508284987,,2022/12/25,2022/12/25,read,read,November 9 Colleen Hoover
Every Summer After,Carley Fortune,0593638468,9780349433103,,2022/12/28,2022/12/28,read,read,Every summer after Carley Fortune
All your perfects,Colleen Hoover,,9781398519732,,2022/12/31,2022/12/31,read,read,All your perfects Colleen Hoover
